ticker,announce_date,reaction_date,surprise_pct,beta,raw_1d,mktadj_1d,car_1d,t_1d,raw_3d,mktadj_3d,car_3d,t_3d,raw_5d,mktadj_5d,car_5d,t_5d,car_0_1,pre60
MA,2020-07-30,2020-07-30,15.2542,1.2594,-0.001,0.0026,0.0031,0.2349,0.0106,-0.0007,-0.0047,-0.2009,0.0605,0.039,0.0309,1.0321,-0.0087,-0.0013
MA,2020-10-28,2020-10-28,-3.6145,1.2568,-0.0811,-0.047,-0.0385,-2.79,-0.0898,-0.0552,-0.0481,-2.012,-0.0685,-0.062,-0.0617,-1.9989,-0.0454,-0.0172
MA,2021-01-28,2021-01-28,7.8947,1.2777,0.0279,0.0193,0.0171,1.1425,0.0192,0.0144,0.0138,0.5336,0.0549,0.0351,0.0303,0.908,0.0182,-0.062
MA,2021-04-29,2021-04-29,11.5385,1.437,-0.0169,-0.0233,-0.0254,-1.6619,-0.0411,-0.043,-0.0423,-1.5988,-0.067,-0.0631,-0.0597,-1.7471,-0.0329,0.1188
MA,2021-07-29,2021-07-29,11.4286,1.3801,0.014,0.0099,0.0092,0.7104,-0.0213,-0.0185,-0.0145,-0.647,-0.0402,-0.0406,-0.0364,-1.2605,0.0094,-0.0409
MA,2021-10-28,2021-10-28,8.2192,1.3995,-0.008,-0.0177,-0.02,-1.5216,-0.005,-0.0184,-0.0191,-0.8406,-0.0187,-0.0425,-0.0441,-1.5003,-0.0139,-0.1179
MA,2022-01-27,2022-01-27,6.3348,1.3471,0.017,0.022,0.0247,1.7396,0.121,0.0829,0.0705,2.8614,0.1511,0.0958,0.0771,2.4237,0.0836,0.0816
MA,2022-04-28,2022-04-28,27.7778,1.2294,0.0477,0.0225,0.0174,1.1872,-0.007,-0.0003,0.0041,0.1622,0.0192,-0.009,-0.011,-0.3366,0.0228,0.0068
MA,2022-07-28,2022-07-28,8.4746,1.1854,0.0267,0.0142,0.0117,0.7647,0.0212,-0.0031,-0.0077,-0.2891,0.0316,-0.0018,-0.0084,-0.2446,-0.0019,-0.0315
MA,2022-10-27,2022-10-27,4.2802,1.1409,-0.0004,0.0049,0.0053,0.3628,0.0271,0.0162,0.0133,0.5286,0.001,0.0197,0.0212,0.6554,0.0093,-0.0231
MA,2023-01-26,2023-01-26,2.7132,1.1061,-0.0135,-0.0245,-0.0265,-2.2135,-0.0295,-0.0301,-0.0331,-1.598,-0.0217,-0.0478,-0.0548,-2.0497,-0.0383,0.1408
MA,2023-04-27,2023-04-27,3.321,1.0672,0.0188,-0.0011,-0.003,-0.3042,0.0357,0.0081,0.0044,0.2593,0.0222,0.0131,0.0095,0.4323,0.0044,-0.0235
MA,2023-07-27,2023-07-27,2.1201,1.0197,-0.0197,-0.013,-0.0129,-1.5185,-0.0202,-0.0252,-0.0255,-1.7273,-0.0308,-0.019,-0.0191,-1.0051,-0.0269,-0.0388
MA,2023-10-26,2023-10-26,5.6075,1.0005,-0.0562,-0.0442,-0.0447,-5.2796,-0.036,-0.0313,-0.0316,-2.154,-0.022,-0.0342,-0.0351,-1.851,-0.0421,0.0564
MA,2024-01-31,2024-01-31,3.2468,0.8737,0.0091,0.0254,0.0232,2.8838,0.0346,0.0275,0.0277,1.9858,0.0344,0.0281,0.0281,1.5585,0.0377,0.014
MA,2024-05-01,2024-05-01,2.1605,0.8662,-0.0202,-0.017,-0.0178,-2.2158,-0.0169,-0.0354,-0.0339,-2.439,0.0041,-0.0261,-0.0232,-1.2947,-0.0284,-0.0376
MA,2024-07-31,2024-07-31,2.2792,0.7698,0.0363,0.0201,0.0238,3.0735,0.0326,0.0494,0.0453,3.3797,0.0019,0.0385,0.0315,1.8198,0.0319,-0.0608
MA,2024-10-31,2024-10-31,3.7333,0.7372,-0.0274,-0.0078,-0.013,-1.4988,-0.0158,0.0018,-0.0026,-0.171,0.0145,-0.0045,0.0008,0.0436,0.0008,0.0332
MA,2025-01-30,2025-01-30,3.523,0.6447,0.0314,0.026,0.0276,3.1893,0.0276,0.0343,0.0313,2.0905,0.0319,0.0279,0.0279,1.445,0.0119,0.0288
MA,2025-05-01,2025-05-01,4.7753,0.63,-0.0026,-0.0097,-0.0073,-0.7999,0.0238,0.0077,0.013,0.8232,0.0333,0.0214,0.0245,1.2037,0.0065,0.0429
MA,2025-07-31,2025-07-31,3.2338,0.7464,0.0132,0.0169,0.0153,1.5566,0.0191,0.0243,0.0209,1.2288,0.0179,0.0206,0.0164,0.748,0.0152,-0.1219
MA,2025-10-30,2025-10-30,1.6241,0.7772,-0.0016,0.0094,0.0067,0.6685,-0.019,-0.0131,-0.0152,-0.879,-0.0023,0.012,0.0078,0.3482,0.0008,-0.1166
MA,2026-01-29,2026-01-29,12.2642,0.7533,0.0429,0.0449,0.0444,4.0485,0.0652,0.0652,0.0647,3.4042,0.0617,0.0749,0.0715,2.9148,0.0376,-0.0829
MA,2026-04-30,2026-04-30,4.3084,0.7713,-0.0425,-0.0524,-0.0495,-4.1128,-0.039,-0.048,-0.0435,-2.0885,-0.0635,-0.0947,-0.0847,-3.1479,-0.0657,-0.0787
MA,2026-07-30,2026-07-30,5.4393,0.4506,0.0249,0.0081,0.0183,1.3652,0.0136,-0.0251,-0.0007,-0.0282,0.0127,-0.0426,-0.0069,-0.2311,0.0086,0.124
V,2020-07-28,2020-07-29,1.9231,1.1615,0.0094,-0.0029,-0.0052,-0.4836,-0.0322,-0.0489,-0.0525,-2.8014,-0.0226,-0.0503,-0.0557,-2.304,0.001,-0.014
V,2020-10-28,2020-10-29,1.8182,1.151,0.0221,0.012,0.0103,0.9384,0.0214,0.0106,0.0088,0.4622,0.0724,0.0208,0.0119,0.4856,0.0012,-0.0346
V,2021-01-28,2021-01-29,10.9375,1.158,-0.0251,-0.0051,-0.0018,-0.1555,0.0221,0.0118,0.0107,0.5473,0.0556,0.033,0.0299,1.1832,0.0051,-0.0833
V,2021-04-27,2021-04-28,8.6614,1.2243,0.0154,0.0157,0.0165,1.4014,0.0159,0.0164,0.019,0.9307,0.0092,0.0138,0.0189,0.7179,0.0157,0.0544
V,2021-07-27,2021-07-28,10.3704,1.101,-0.0159,-0.0155,-0.0149,-1.4376,-0.0181,-0.017,-0.0152,-0.8464,-0.0552,-0.06,-0.0587,-2.5373,-0.0066,0.0047
V,2021-10-26,2021-10-27,5.1948,1.1015,-0.0692,-0.0648,-0.0635,-5.9965,-0.0865,-0.0937,-0.093,-5.0719,-0.0978,-0.1109,-0.11,-4.6484,-0.0724,-0.0917
V,2022-01-27,2022-01-28,6.4706,1.1081,0.106,0.0812,0.0794,6.3839,0.1271,0.0768,0.0731,3.395,0.1232,0.0875,0.0869,3.1263,0.0871,0.0269
V,2022-04-26,2022-04-27,8.4848,1.094,0.0647,0.0619,0.0622,4.6187,0.0598,0.0697,0.0726,3.1135,0.0371,0.0364,0.0406,1.3495,0.0523,0.0233
V,2022-07-26,2022-07-27,13.1429,1.0892,-0.0095,-0.0355,-0.0376,-2.6561,-0.0018,-0.0558,-0.059,-2.4066,-0.0293,-0.0732,-0.0759,-2.398,-0.0329,0.0506
V,2022-10-25,2022-10-26,3.2086,1.0328,0.046,0.0536,0.0537,3.7972,0.077,0.0663,0.0638,2.604,0.0646,0.0656,0.0639,2.0218,0.0563,-0.0227
V,2023-01-26,2023-01-27,8.4577,0.9815,0.0299,0.0277,0.027,2.1224,0.0245,0.0202,0.0181,0.8244,0.0216,-0.0081,-0.0108,-0.3808,0.0146,0.0449
V,2023-04-25,2023-04-26,5.0251,0.9328,-0.0063,-0.002,-0.0029,-0.2746,0.0137,-0.0106,-0.0106,-0.5779,-0.0114,-0.0231,-0.0251,-1.059,-0.0023,0.0145
V,2023-07-25,2023-07-26,1.8868,0.8579,-0.0067,-0.0068,-0.0069,-0.7611,-0.0123,-0.0156,-0.0155,-0.9851,0.0046,0.0023,0.0021,0.1028,-0.0179,-0.0702
V,2023-10-24,2023-10-25,4.0179,0.8358,0.0094,0.0237,0.0209,2.4183,-0.0229,0.0076,0.0016,0.1092,0.0019,0.0147,0.0108,0.5581,0.0277,0.0605
V,2024-01-25,2024-01-26,2.9915,0.7568,-0.0171,-0.0159,-0.0164,-2.1898,0.0167,0.0108,0.0117,0.8993,0.0163,0.0139,0.0134,0.7994,-0.0173,-0.0043
V,2024-04-23,2024-04-24,3.2922,0.7543,0.0033,0.0038,0.0034,0.4679,0.0015,-0.0037,-0.0031,-0.2433,-0.0201,-0.0128,-0.0159,-0.9666,0.0008,-0.0263
V,2024-07-23,2024-07-24,0.0,0.6859,-0.0401,-0.0174,-0.0249,-3.5256,-0.0201,-0.0033,-0.0087,-0.7134,-0.0064,0.0149,0.0077,0.4913,-0.035,-0.1257
V,2024-10-29,2024-10-30,5.0388,0.6639,0.0294,0.0324,0.0313,3.9627,0.0314,0.0499,0.0433,3.1655,0.0405,0.0492,0.0452,2.5618,0.022,-0.0251
V,2025-01-30,2025-01-31,3.3835,0.5868,-0.0036,0.0017,-0.0008,-0.0811,0.0061,0.0115,0.0086,0.5224,0.0129,0.0108,0.0105,0.4946,0.0172,0.1187
V,2025-04-29,2025-04-30,2.9851,0.5815,0.0117,0.0113,0.011,1.1017,0.0178,-0.0046,0.0035,0.2018,0.0181,0.01,0.011,0.496,0.0187,0.0723
V,2025-07-29,2025-07-30,4.5614,0.7268,-0.0011,0.0002,-0.001,-0.0911,-0.034,-0.0127,-0.0212,-1.1411,-0.0395,-0.028,-0.0357,-1.4903,-0.0116,-0.1214
V,2025-10-28,2025-10-29,0.3367,0.7667,-0.0162,-0.0167,-0.0167,-1.5594,-0.0178,-0.0105,-0.0126,-0.6789,-0.019,-0.0018,-0.0065,-0.2711,-0.0216,-0.0785
V,2026-01-29,2026-01-30,0.9554,0.752,-0.03,-0.0271,-0.0279,-2.5577,-0.0086,-0.0022,-0.0028,-0.1472,-0.008,0.0156,0.0107,0.4406,-0.0117,-0.0764
V,2026-04-28,2026-04-29,6.7742,0.7711,0.0826,0.0828,0.0835,7.0603,0.0606,0.048,0.0548,2.6724,0.0412,0.0242,0.0346,1.307,0.0869,-0.0981
V,2026-07-28,2026-07-29,2.7864,0.5057,0.0058,0.0212,0.0143,1.0828,-0.0013,-0.0096,-0.0034,-0.149,0.0082,-0.0329,-0.0088,-0.2989,0.025,0.0435
