ticker,announce_date,reaction_date,surprise_pct,surprise_w,beta,raw_1d,mktadj_1d,car_1d,t_1d,raw_3d,mktadj_3d,car_3d,t_3d,raw_5d,mktadj_5d,car_5d,t_5d,car_0_1,pre60
AXP,2020-07-24,2020-07-24,583.3333,50.0,1.5437,-0.0139,-0.0074,-0.003,-0.1605,-0.0233,-0.0177,-0.0122,-0.3725,-0.0209,-0.024,-0.021,-0.4956,-0.0086,-0.0341
AXP,2020-10-23,2020-10-23,-3.7037,-3.7037,1.5103,-0.0364,-0.0398,-0.0406,-1.982,-0.0941,-0.0756,-0.0664,-1.8716,-0.1309,-0.0885,-0.0691,-1.5103,-0.0524,0.0241
AXP,2021-01-26,2021-01-26,35.3846,35.3846,1.5191,-0.0413,-0.0397,-0.0384,-1.5452,-0.018,-0.0004,0.0117,0.2723,-0.034,-0.0128,0.0017,0.0305,-0.0185,0.1393
AXP,2021-04-23,2021-04-23,70.1863,50.0,1.5715,-0.0192,-0.0301,-0.0361,-1.3983,0.0217,0.009,0.0031,0.0688,0.0508,0.0319,0.0221,0.3821,0.0024,0.1931
AXP,2021-07-23,2021-07-23,71.7791,50.0,1.0994,0.0133,0.0031,0.0013,0.0657,0.0119,0.0038,0.0008,0.0225,0.0061,-0.0058,-0.0103,-0.2334,-0.0054,0.0932
AXP,2021-10-22,2021-10-22,29.7143,29.7143,1.2622,0.0542,0.0552,0.0551,2.8873,0.0196,0.0144,0.0134,0.4055,-0.0161,-0.0265,-0.0293,-0.6881,0.0224,0.0095
AXP,2022-01-25,2022-01-25,18.4783,18.4783,1.1833,0.0892,0.1014,0.1034,6.9383,0.0816,0.1012,0.1049,4.0634,0.1314,0.1085,0.0992,2.9769,0.1188,-0.0774
AXP,2022-04-22,2022-04-22,10.5263,10.5263,1.2203,-0.028,-0.0006,0.0053,0.3277,-0.0382,0.012,0.0232,0.834,-0.0202,0.0032,0.0072,0.202,0.0177,0.0646
AXP,2022-07-22,2022-07-22,6.639,6.639,1.2115,0.0188,0.0281,0.0297,1.865,-0.0023,0.0175,0.0212,0.7677,0.0131,-0.0052,-0.0108,-0.3039,0.033,-0.1159
AXP,2022-10-21,2022-10-21,2.4896,2.4896,1.1642,-0.0167,-0.041,-0.0455,-2.8605,0.0323,-0.0211,-0.0299,-1.0852,0.0319,-0.0079,-0.0162,-0.456,-0.0489,0.0279
AXP,2023-01-27,2023-01-27,-7.5893,-7.5893,1.1238,0.1054,0.1031,0.1022,7.0477,0.1222,0.1179,0.1137,4.526,0.1107,0.0809,0.0738,2.2754,0.1177,-0.0055
AXP,2023-04-20,2023-04-20,-10.1124,-10.1124,1.1206,-0.0101,-0.0047,-0.0047,-0.3558,-0.0264,-0.0228,-0.0244,-1.0769,-0.056,-0.0323,-0.0335,-1.1471,-0.0031,0.0374
AXP,2023-07-21,2023-07-21,2.4823,2.4823,1.1561,-0.0389,-0.0389,-0.0389,-2.8424,-0.0599,-0.0671,-0.0693,-2.92,-0.0763,-0.077,-0.0791,-2.5818,-0.0584,0.0067
AXP,2023-10-20,2023-10-20,11.8644,11.8644,1.1548,-0.0538,-0.0415,-0.0393,-2.9797,-0.0348,-0.0282,-0.0252,-1.103,-0.042,-0.0094,-0.0016,-0.0551,-0.0156,-0.0439
AXP,2024-01-26,2024-01-26,-1.1321,-1.1321,1.1758,0.071,0.0723,0.0729,5.602,0.0855,0.0796,0.0787,3.4931,0.0806,0.0782,0.0788,2.7103,0.0611,0.142
AXP,2024-04-19,2024-04-19,11.745,11.745,1.2142,0.0623,0.071,0.0731,6.1941,0.0987,0.0864,0.082,4.0141,0.0901,0.0822,0.0799,3.0293,0.0706,0.1429
AXP,2024-07-19,2024-07-19,27.3006,27.3006,0.9768,-0.0274,-0.0207,-0.0214,-1.9022,-0.0092,-0.0113,-0.0124,-0.6383,-0.0362,-0.0104,-0.0136,-0.5394,-0.0222,-0.0368
AXP,2024-10-18,2024-10-18,6.4024,6.4024,0.9579,-0.0315,-0.0353,-0.0363,-2.992,-0.0468,-0.0485,-0.0523,-2.4871,-0.0553,-0.0499,-0.0568,-2.0938,-0.0577,0.1097
AXP,2025-01-24,2025-01-24,0.33,0.33,0.9957,-0.0139,-0.011,-0.0123,-0.9509,-0.0271,-0.0185,-0.0228,-1.0161,-0.0212,-0.0135,-0.0203,-0.6993,-0.0149,0.1536
AXP,2025-04-17,2025-04-17,4.8991,4.8991,1.1084,-0.0064,-0.0078,-0.0085,-0.6778,-0.002,-0.005,-0.0061,-0.2833,0.0569,0.0169,0.0105,0.3754,-0.0176,-0.0762
AXP,2025-07-18,2025-07-18,5.1546,5.1546,1.2893,-0.0235,-0.0227,-0.0229,-1.9325,-0.0355,-0.0369,-0.0385,-1.8795,-0.0225,-0.0327,-0.0371,-1.4026,-0.0419,0.0779
AXP,2025-10-17,2025-10-17,4.0201,4.0201,1.3543,0.0727,0.0671,0.0648,5.8335,0.0993,0.0832,0.0748,3.891,0.0984,0.0816,0.0725,2.9219,0.0587,0.0049
AXP,2026-01-30,2026-01-30,-0.5634,-0.5634,1.3213,-0.0177,-0.0147,-0.0141,-1.2243,-0.0247,-0.0182,-0.0175,-0.876,-0.0108,0.0128,0.0189,0.7327,-0.0192,-0.0245
AXP,2026-04-23,2026-04-23,7.2682,7.2682,1.3259,-0.0431,-0.0392,-0.0377,-2.7794,-0.0422,-0.0478,-0.0486,-2.0695,-0.0518,-0.0523,-0.0515,-1.6966,-0.0618,-0.1101
AXP,2026-07-24,2026-07-24,2.9545,2.9545,1.0902,-0.043,-0.0441,-0.0436,-3.0267,-0.0124,-0.016,-0.0134,-0.5382,-0.0097,-0.0145,-0.011,-0.3399,-0.0151,0.0371
FIS,2020-08-04,2020-08-04,4.5455,4.5455,1.1694,-0.0116,-0.0155,-0.0164,-1.2674,-0.013,-0.0298,-0.0334,-1.4884,-0.0186,-0.0392,-0.0439,-1.5169,-0.0287,0.0055
FIS,2020-10-29,2020-10-29,0.7092,0.7092,1.1669,-0.0565,-0.0667,-0.0683,-5.4722,-0.0644,-0.0753,-0.0775,-3.5848,0.0022,-0.0495,-0.0541,-1.9366,-0.0595,-0.0913
FIS,2021-02-09,2021-02-09,3.8462,3.8462,1.1659,-0.0042,-0.0035,-0.0028,-0.1969,0.0129,0.0124,0.0143,0.5879,-0.0024,-0.007,-0.0042,-0.1333,0.0021,-0.1812
FIS,2021-05-06,2021-05-06,4.8387,4.8387,0.9826,0.0233,0.0153,0.0165,1.1807,0.0076,0.0023,0.0058,0.2392,-0.0239,0.0009,0.0061,0.1952,0.0091,0.0466
FIS,2021-08-03,2021-08-03,3.871,3.871,0.9761,-0.0627,-0.0708,-0.0697,-5.4461,-0.069,-0.0785,-0.0759,-3.4238,-0.0363,-0.0467,-0.0398,-1.3901,-0.0765,-0.1287
FIS,2021-11-04,2021-11-04,2.9762,2.9762,0.9672,0.0075,0.0028,0.0047,0.3167,0.0344,0.0254,0.0306,1.1974,0.0673,0.0697,0.0767,2.3269,0.0201,-0.2135
FIS,2022-02-15,2022-02-15,1.0526,1.0526,0.8723,-0.0776,-0.0937,-0.09,-5.8148,-0.1249,-0.1205,-0.1211,-4.5161,-0.1443,-0.1228,-0.125,-3.6107,-0.1129,0.0723
FIS,2022-05-03,2022-05-03,0.6849,0.6849,1.0057,0.0218,0.0173,0.0192,1.1464,0.0318,0.0334,0.0396,1.3666,-0.0304,0.009,0.0206,0.5511,0.0374,-0.082
FIS,2022-08-04,2022-08-04,1.1696,1.1696,0.9894,-0.0726,-0.0719,-0.0708,-4.0169,-0.0581,-0.0546,-0.0501,-1.6411,-0.0408,-0.0542,-0.0463,-1.1744,-0.0597,0.0525
FIS,2022-11-03,2022-11-03,-0.5714,-0.5714,1.012,-0.2805,-0.2702,-0.2692,-15.9273,-0.2217,-0.2353,-0.2115,-7.2246,-0.2234,-0.2214,-0.1963,-5.1934,-0.2306,-0.0998
FIS,2023-02-13,2023-02-13,0.5882,0.5882,1.0776,-0.125,-0.1368,-0.137,-5.8379,-0.1058,-0.1204,-0.1166,-2.8678,-0.0786,-0.0767,-0.0675,-1.2854,-0.1084,0.1396
FIS,2023-04-27,2023-04-27,6.6116,6.6116,1.0669,0.0268,0.0069,0.007,0.274,0.0337,0.0062,0.0101,0.2278,-0.0361,-0.0452,-0.0356,-0.6226,0.0421,-0.2699
FIS,2023-08-02,2023-08-02,4.7297,4.7297,1.1583,-0.0255,-0.0116,-0.007,-0.2679,-0.037,-0.0158,-0.0042,-0.0937,-0.0558,-0.0389,-0.024,-0.4132,-0.0385,0.0273
FIS,2023-11-07,2023-11-07,4.4304,4.4304,1.1645,-0.012,-0.0148,-0.0137,-0.5218,0.0012,0.0054,0.012,0.2653,0.013,0.0026,0.01,0.1716,0.0243,-0.0536
FIS,2024-02-26,2024-02-26,-13.7615,-13.7615,1.2408,0.0474,0.0511,0.0531,2.7586,0.0403,0.0434,0.0477,1.4325,0.0767,0.0669,0.0688,1.5986,0.0467,0.0363
FIS,2024-05-06,2024-05-07,14.5833,14.5833,1.1082,0.0548,0.0537,0.0532,3.6259,0.0463,0.0393,0.0379,1.4916,0.0752,0.0668,0.0631,1.9233,0.0376,0.123
FIS,2024-08-06,2024-08-06,10.5691,10.5691,0.9112,0.0514,0.0422,0.0422,3.0126,0.0499,0.0242,0.0242,0.9982,0.0457,0.015,0.0145,0.4634,0.0463,-0.0159
FIS,2024-11-04,2024-11-04,8.5271,8.5271,0.8219,0.0067,0.0089,0.0077,0.59,-0.0299,-0.0649,-0.0608,-2.6971,-0.0116,-0.0591,-0.0535,-1.8403,-0.038,0.0915
FIS,2025-02-11,2025-02-11,2.2059,2.2059,0.5878,-0.1149,-0.1157,-0.1162,-9.4658,-0.1467,-0.1548,-0.1583,-7.4451,-0.1571,-0.1681,-0.1735,-6.3236,-0.123,-0.0779
FIS,2025-05-06,2025-05-06,0.8333,0.8333,0.4368,-0.031,-0.0227,-0.0274,-1.9148,-0.0051,-0.0079,-0.0056,-0.2243,0.0072,-0.0274,-0.0073,-0.2281,-0.0344,0.0184
FIS,2025-08-05,2025-08-05,0.0,0.0,0.5552,-0.0854,-0.0803,-0.0827,-5.4112,-0.1126,-0.1143,-0.1165,-4.3999,-0.1151,-0.1226,-0.1225,-3.5864,-0.1192,-0.0773
FIS,2025-11-05,2025-11-05,2.027,2.027,0.6013,0.0253,0.0219,0.0246,1.5026,0.0258,0.0321,0.0336,1.1851,0.0511,0.0397,0.0501,1.3681,0.0313,-0.1557
FIS,2026-02-24,2026-02-24,-0.5917,-0.5917,0.6038,0.0137,0.0064,0.0101,0.5934,0.0756,0.0655,0.0704,2.3779,0.0535,0.0477,0.054,1.413,0.0258,-0.2821
FIS,2026-05-08,2026-05-08,5.4264,5.4264,0.7229,-0.0796,-0.0878,-0.0835,-4.9486,-0.0897,-0.0988,-0.0907,-3.1021,-0.1151,-0.1378,-0.1245,-3.2984,-0.1091,-0.1171
FIS,2026-08-04,2026-08-04,0.6803,0.6803,0.5855,-0.0116,-0.0296,-0.0189,-1.0153,-0.044,-0.0584,-0.0432,-1.3359,-0.0507,-0.071,-0.0471,-1.1299,-0.0466,-0.0499
GPN,2020-08-03,2020-08-03,8.2645,8.2645,1.4108,0.0057,-0.0012,-0.0044,-0.2747,-0.0207,-0.0378,-0.0454,-1.6477,-0.0179,-0.0426,-0.0535,-1.504,-0.037,-0.1061
GPN,2020-10-29,2020-10-29,3.012,3.012,1.4229,-0.0184,-0.0286,-0.0327,-2.0458,0.0079,-0.0029,-0.0067,-0.2424,0.0739,0.0222,0.0012,0.0347,-0.0076,-0.0794
GPN,2021-02-08,2021-02-08,2.2727,2.2727,1.4162,0.0104,0.0032,0.0004,0.0229,0.02,0.0139,0.012,0.3957,-0.0055,-0.0182,-0.0219,-0.5604,0.0163,-0.0733
GPN,2021-05-04,2021-05-04,2.8249,2.8249,1.5602,-0.0328,-0.0266,-0.0221,-1.3045,-0.0545,-0.0566,-0.0554,-1.8847,-0.0808,-0.0801,-0.0768,-2.0253,-0.0471,-0.0117
GPN,2021-08-02,2021-08-02,7.3684,7.3684,1.2429,-0.1118,-0.1097,-0.1081,-7.8508,-0.1446,-0.1457,-0.1471,-6.1703,-0.0888,-0.0979,-0.0905,-2.9416,-0.13,-0.0914
GPN,2021-11-02,2021-11-02,1.3953,1.3953,1.2306,-0.0924,-0.0964,-0.0956,-5.9434,-0.0699,-0.0848,-0.0808,-2.9001,-0.077,-0.0963,-0.0902,-2.508,-0.0824,-0.2144
GPN,2022-02-10,2022-02-10,0.4717,0.4717,1.2037,-0.0057,0.0122,0.0187,1.0624,0.004,0.0445,0.0619,2.0271,-0.0142,0.0097,0.0287,0.7277,0.0533,0.1315
GPN,2022-05-02,2022-05-02,1.4706,1.4706,1.0947,-0.0921,-0.0981,-0.0967,-5.3005,-0.0241,-0.0655,-0.0573,-1.8135,-0.1167,-0.1151,-0.1049,-2.5713,-0.0698,0.0063
GPN,2022-08-01,2022-08-01,0.4255,0.4255,1.1803,0.0463,0.0492,0.0512,2.5591,0.064,0.058,0.0608,1.7531,0.0464,0.0428,0.05,1.1159,0.0485,-0.0368
GPN,2022-10-31,2022-10-31,0.0,0.0,1.136,-0.0882,-0.081,-0.0798,-4.4099,-0.1415,-0.1051,-0.1048,-3.3431,-0.2223,-0.1898,-0.1993,-4.9236,-0.0799,0.0331
GPN,2023-02-10,2023-02-10,0.4149,0.4149,1.1716,0.0559,0.0536,0.0532,2.9817,0.0407,0.027,0.0261,0.843,0.0511,0.0482,0.0487,1.2198,0.0133,0.0461
GPN,2023-05-01,2023-05-01,3.8961,3.8961,1.2214,-0.0862,-0.0851,-0.0845,-4.7699,-0.0791,-0.06,-0.053,-1.7287,-0.0704,-0.0624,-0.0559,-1.4124,-0.0924,-0.0379
GPN,2023-08-01,2023-08-01,1.5504,1.5504,1.2363,0.0952,0.0981,0.0998,5.832,0.1034,0.123,0.13,4.3868,0.1119,0.1274,0.1345,3.5163,0.128,-0.0614
GPN,2023-10-31,2023-10-31,1.476,1.476,1.2849,0.0233,0.017,0.0159,0.8732,0.079,0.0425,0.0326,1.0329,0.0697,0.0213,0.0109,0.268,0.0292,-0.0854
GPN,2024-02-14,2024-02-14,0.3788,0.3788,1.3756,0.0214,0.0123,0.009,0.5617,-0.0138,-0.0248,-0.0281,-1.0122,-0.0265,-0.0329,-0.0341,-0.9519,-0.0087,0.0879
GPN,2024-05-01,2024-05-01,0.7782,0.7782,1.2726,-0.1117,-0.1084,-0.1073,-7.1034,-0.0929,-0.1114,-0.1136,-4.3387,-0.0971,-0.1273,-0.1324,-3.9183,-0.1055,-0.1175
GPN,2024-08-07,2024-08-07,0.6873,0.6873,1.0502,0.0692,0.0759,0.0771,4.9226,0.0972,0.0764,0.0769,2.835,0.1155,0.0774,0.078,2.226,0.0999,-0.1711
GPN,2024-10-30,2024-10-30,-0.6452,-0.6452,1.0884,0.0432,0.0462,0.0478,3.1805,0.0544,0.0729,0.0779,2.9915,0.084,0.0927,0.0976,2.9038,0.0741,-0.0565
GPN,2025-02-13,2025-02-13,-0.3378,-0.3378,0.9228,-0.0432,-0.0537,-0.0517,-3.107,-0.0163,-0.0297,-0.0241,-0.8345,-0.0299,-0.0415,-0.0339,-0.91,-0.0361,-0.0741
GPN,2025-05-06,2025-05-06,-1.1029,-1.1029,0.8563,0.0004,0.0087,0.009,0.518,0.004,0.0013,0.006,0.1986,0.0491,0.0145,0.0261,0.674,0.0019,-0.2173
GPN,2025-08-06,2025-08-06,1.3072,1.3072,1.167,0.0909,0.0833,0.0831,4.1923,0.033,0.0184,0.0237,0.6891,0.0508,0.0273,0.033,0.7444,0.0441,-0.126
GPN,2025-11-04,2025-11-04,0.9288,0.9288,1.2587,0.0371,0.0489,0.0536,2.6011,-0.0095,0.0096,0.0206,0.5764,-0.0183,-0.0155,-0.0062,-0.1336,0.0412,-0.1208
GPN,2026-02-18,2026-02-18,0.6329,0.6329,1.2501,0.1647,0.1596,0.1605,7.7919,0.182,0.1724,0.1742,4.8835,0.1228,0.1162,0.1316,2.8561,0.1535,-0.066
GPN,2026-05-06,2026-05-06,5.3381,5.3381,1.3546,0.0023,-0.0116,-0.0148,-0.6185,-0.004,-0.0232,-0.0246,-0.5932,-0.0124,-0.0323,-0.0305,-0.5709,-0.0017,-0.0943
GPN,2026-08-05,2026-08-05,0.5814,0.5814,1.3316,-0.0087,-0.0067,-0.0045,-0.1997,-0.0241,-0.0266,-0.023,-0.5842,-0.0271,-0.0261,-0.0183,-0.3603,0.0015,0.2062
MA,2020-07-30,2020-07-30,15.2542,15.2542,1.2594,-0.001,0.0026,0.0031,0.2349,0.0106,-0.0007,-0.0047,-0.2009,0.0605,0.039,0.0309,1.0321,-0.0087,-0.0013
MA,2020-10-28,2020-10-28,-3.6145,-3.6145,1.2568,-0.0811,-0.047,-0.0385,-2.79,-0.0898,-0.0552,-0.0481,-2.012,-0.0685,-0.062,-0.0617,-1.9989,-0.0454,-0.0172
MA,2021-01-28,2021-01-28,7.8947,7.8947,1.2777,0.0279,0.0193,0.0171,1.1425,0.0192,0.0144,0.0138,0.5336,0.0549,0.0351,0.0303,0.908,0.0182,-0.062
MA,2021-04-29,2021-04-29,11.5385,11.5385,1.437,-0.0169,-0.0233,-0.0254,-1.6618,-0.0411,-0.043,-0.0423,-1.5988,-0.067,-0.0631,-0.0597,-1.7471,-0.0329,0.1188
MA,2021-07-29,2021-07-29,11.4286,11.4286,1.3801,0.014,0.0099,0.0092,0.7104,-0.0213,-0.0185,-0.0145,-0.647,-0.0402,-0.0406,-0.0364,-1.2605,0.0094,-0.0409
MA,2021-10-28,2021-10-28,8.2192,8.2192,1.3995,-0.008,-0.0177,-0.02,-1.5216,-0.005,-0.0184,-0.0191,-0.8406,-0.0187,-0.0425,-0.0441,-1.5003,-0.0139,-0.1179
MA,2022-01-27,2022-01-27,6.3348,6.3348,1.3471,0.017,0.022,0.0247,1.7396,0.121,0.0829,0.0705,2.8614,0.1511,0.0958,0.0771,2.4237,0.0836,0.0816
MA,2022-04-28,2022-04-28,27.7778,27.7778,1.2294,0.0477,0.0225,0.0174,1.1872,-0.007,-0.0003,0.0041,0.1622,0.0192,-0.009,-0.011,-0.3366,0.0228,0.0068
MA,2022-07-28,2022-07-28,8.4746,8.4746,1.1854,0.0267,0.0142,0.0117,0.7647,0.0212,-0.0031,-0.0077,-0.2892,0.0316,-0.0018,-0.0084,-0.2446,-0.0019,-0.0315
MA,2022-10-27,2022-10-27,4.2802,4.2802,1.1409,-0.0004,0.0049,0.0053,0.3628,0.0271,0.0162,0.0133,0.5286,0.001,0.0197,0.0212,0.6554,0.0093,-0.0231
MA,2023-01-26,2023-01-26,2.7132,2.7132,1.1061,-0.0135,-0.0245,-0.0265,-2.2135,-0.0295,-0.0301,-0.0331,-1.598,-0.0217,-0.0478,-0.0548,-2.0497,-0.0383,0.1408
MA,2023-04-27,2023-04-27,3.321,3.321,1.0672,0.0188,-0.0011,-0.003,-0.3042,0.0357,0.0081,0.0044,0.2593,0.0222,0.0131,0.0095,0.4323,0.0044,-0.0235
MA,2023-07-27,2023-07-27,2.1201,2.1201,1.0197,-0.0197,-0.013,-0.0129,-1.5186,-0.0202,-0.0252,-0.0255,-1.7274,-0.0308,-0.019,-0.0191,-1.0051,-0.0269,-0.0388
MA,2023-10-26,2023-10-26,5.6075,5.6075,1.0005,-0.0562,-0.0442,-0.0447,-5.2796,-0.036,-0.0313,-0.0316,-2.154,-0.022,-0.0342,-0.0351,-1.8511,-0.0421,0.0564
MA,2024-01-31,2024-01-31,3.2468,3.2468,0.8737,0.0091,0.0254,0.0232,2.8838,0.0346,0.0275,0.0277,1.9858,0.0344,0.0281,0.0281,1.5585,0.0377,0.014
MA,2024-05-01,2024-05-01,2.1605,2.1605,0.8662,-0.0202,-0.017,-0.0178,-2.2158,-0.0169,-0.0354,-0.0339,-2.439,0.0041,-0.0261,-0.0232,-1.2947,-0.0284,-0.0376
MA,2024-07-31,2024-07-31,2.2792,2.2792,0.7698,0.0363,0.0201,0.0238,3.0735,0.0326,0.0494,0.0453,3.3798,0.0019,0.0385,0.0315,1.8198,0.0319,-0.0608
MA,2024-10-31,2024-10-31,3.7333,3.7333,0.7372,-0.0274,-0.0078,-0.013,-1.4988,-0.0158,0.0018,-0.0026,-0.171,0.0145,-0.0045,0.0008,0.0436,0.0008,0.0332
MA,2025-01-30,2025-01-30,3.523,3.523,0.6447,0.0314,0.026,0.0276,3.1893,0.0276,0.0343,0.0313,2.0905,0.0319,0.0279,0.0279,1.445,0.0119,0.0288
MA,2025-05-01,2025-05-01,4.7753,4.7753,0.63,-0.0026,-0.0097,-0.0073,-0.7999,0.0238,0.0077,0.013,0.8232,0.0333,0.0214,0.0245,1.2037,0.0065,0.0429
MA,2025-07-31,2025-07-31,3.2338,3.2338,0.7464,0.0132,0.0169,0.0153,1.5566,0.0191,0.0243,0.0209,1.2288,0.0179,0.0206,0.0164,0.748,0.0152,-0.1219
MA,2025-10-30,2025-10-30,1.6241,1.6241,0.7772,-0.0016,0.0094,0.0067,0.6685,-0.019,-0.0131,-0.0152,-0.879,-0.0023,0.012,0.0078,0.3482,0.0008,-0.1166
MA,2026-01-29,2026-01-29,12.2642,12.2642,0.7534,0.0429,0.0449,0.0444,4.0485,0.0652,0.0652,0.0647,3.4042,0.0617,0.0749,0.0715,2.9148,0.0376,-0.0829
MA,2026-04-30,2026-04-30,4.3084,4.3084,0.7713,-0.0425,-0.0524,-0.0495,-4.1128,-0.039,-0.048,-0.0435,-2.0885,-0.0635,-0.0947,-0.0847,-3.1479,-0.0657,-0.0787
MA,2026-07-30,2026-07-30,5.4393,5.4393,0.4506,0.0249,0.0081,0.0183,1.3652,0.0136,-0.0251,-0.0007,-0.0283,0.0127,-0.0426,-0.0069,-0.2311,0.0086,0.124
PYPL,2020-07-29,2020-07-30,22.9885,22.9885,1.2013,0.0428,0.0464,0.0461,2.631,0.0676,0.0563,0.0497,1.6385,0.0992,0.0777,0.0651,1.6617,0.0775,0.3208
PYPL,2020-11-02,2020-11-03,13.8298,13.8298,1.1922,-0.0423,-0.06,-0.0653,-3.4014,0.0895,0.0288,0.0143,0.4296,-0.0162,-0.09,-0.1021,-2.3768,-0.0719,-0.0686
PYPL,2021-02-03,2021-02-04,8.0,8.0,1.1831,0.0736,0.0622,0.0575,2.6533,0.1202,0.0975,0.0826,2.2007,0.1242,0.1026,0.0822,1.6967,0.0651,0.1667
PYPL,2021-05-05,2021-05-06,19.6078,19.6078,1.2248,0.0187,0.0107,0.0072,0.3033,-0.0152,-0.0205,-0.0262,-0.6397,-0.0303,-0.0054,-0.0072,-0.137,-0.006,-0.1471
PYPL,2021-07-28,2021-07-29,2.6786,2.6786,1.4338,-0.0623,-0.0664,-0.0687,-3.2411,-0.1026,-0.0998,-0.103,-2.8067,-0.0877,-0.088,-0.0918,-1.939,-0.0635,0.0901
PYPL,2021-11-08,2021-11-09,2.7778,2.7778,1.4836,-0.1046,-0.1013,-0.0995,-4.9805,-0.1194,-0.1084,-0.1042,-3.0113,-0.0736,-0.0704,-0.0641,-1.4354,-0.0845,-0.2337
PYPL,2022-02-01,2022-02-02,-0.8929,-0.8929,1.6307,-0.2459,-0.2556,-0.2594,-13.729,-0.2828,-0.2734,-0.2722,-8.3171,-0.3159,-0.3115,-0.3223,-7.6276,-0.2457,-0.2252
PYPL,2022-04-27,2022-04-28,0.0,0.0,1.4623,0.1148,0.0895,0.0815,3.4154,0.108,0.1147,0.1299,3.1423,0.1224,0.0941,0.0992,1.8595,0.0681,-0.4326
PYPL,2022-08-02,2022-08-03,6.8966,6.8966,1.6287,0.0925,0.0768,0.0712,2.7272,0.0635,0.0502,0.0566,1.2532,0.0541,0.046,0.0647,1.109,0.0981,-0.0063
PYPL,2022-11-03,2022-11-04,12.5,12.5,1.6691,-0.0179,-0.0323,-0.0389,-1.4045,0.0598,0.0302,0.02,0.4167,0.1339,0.0701,0.0418,0.6751,-0.0551,-0.0741
PYPL,2023-02-09,2023-02-10,3.3333,3.3333,1.5993,0.0303,0.028,0.0289,1.0359,-0.0148,-0.0284,-0.029,-0.6009,-0.0216,-0.0245,-0.0144,-0.2316,0.0286,-0.1268
PYPL,2023-05-08,2023-05-09,6.3636,6.3636,1.5385,-0.1273,-0.1229,-0.1199,-5.4612,-0.1502,-0.1487,-0.1487,-3.9115,-0.1757,-0.1764,-0.1804,-3.6747,-0.1123,-0.0682
PYPL,2023-08-02,2023-08-03,0.0,0.0,1.4693,-0.1232,-0.1204,-0.1181,-5.5818,-0.1199,-0.1212,-0.1181,-3.2229,-0.1527,-0.143,-0.1377,-2.9098,-0.1276,-0.0791
PYPL,2023-11-01,2023-11-02,5.6911,5.6911,1.4131,0.0658,0.0467,0.041,1.9772,0.0573,0.0265,0.022,0.6121,0.0662,0.0317,0.03,0.6458,0.0256,-0.127
PYPL,2024-02-07,2024-02-08,8.8235,8.8235,1.5744,-0.1124,-0.1129,-0.1115,-5.8181,-0.0498,-0.0556,-0.047,-1.4165,-0.0691,-0.07,-0.0563,-1.3142,-0.1303,0.0224
PYPL,2024-04-30,2024-04-30,-11.4754,-11.4754,1.7581,0.0139,0.0297,0.0441,2.1142,-0.0001,0.0097,0.0245,0.6779,-0.0206,-0.0334,-0.0313,-0.6719,0.0259,0.0343
PYPL,2024-07-30,2024-07-30,20.202,20.202,1.5036,0.0859,0.0909,0.0948,4.7294,0.1081,0.1113,0.1151,3.3132,0.0258,0.076,0.1141,2.5439,0.0996,-0.2011
PYPL,2024-10-29,2024-10-29,12.1495,12.1495,1.273,-0.0396,-0.0412,-0.0411,-2.1244,-0.0513,-0.0303,-0.023,-0.6855,-0.0653,-0.0463,-0.0389,-0.8994,-0.0623,0.2554
PYPL,2025-02-04,2025-02-04,6.25,6.25,1.0979,-0.1317,-0.1384,-0.1396,-7.2035,-0.1222,-0.1365,-0.1379,-4.1099,-0.1259,-0.1378,-0.1405,-3.2418,-0.1256,0.0931
PYPL,2025-04-29,2025-04-29,14.6552,14.6552,1.0737,0.0214,0.0151,0.0145,0.7584,0.0074,-0.0064,-0.0075,-0.2259,0.0556,0.0326,0.0298,0.6957,0.0068,-0.1883
PYPL,2025-07-29,2025-07-29,7.6923,7.6923,1.1485,-0.0866,-0.0839,-0.0838,-4.6738,-0.1209,-0.1133,-0.1166,-3.754,-0.1305,-0.1215,-0.1264,-3.1516,-0.107,0.036
PYPL,2025-10-28,2025-10-28,10.7438,10.7438,1.2065,0.0394,0.0368,0.0371,2.0673,-0.033,-0.0251,-0.0194,-0.6261,-0.0272,-0.0244,-0.0177,-0.4414,-0.0084,-0.0584
PYPL,2026-02-03,2026-02-03,-4.6512,-4.6512,1.249,-0.2031,-0.1947,-0.1905,-10.2774,-0.2375,-0.2119,-0.2085,-6.4914,-0.2136,-0.2115,-0.2033,-4.9039,-0.1985,-0.2392
PYPL,2026-05-05,2026-05-05,5.5118,5.5118,1.2759,-0.0774,-0.0854,-0.0853,-4.0241,-0.0828,-0.1017,-0.1002,-2.73,-0.1056,-0.1352,-0.1339,-2.8266,-0.1054,0.2042
PYPL,2026-07-28,2026-07-28,7.8125,7.8125,1.367,0.0401,0.0377,0.0401,1.7917,0.0282,0.0247,0.0332,0.856,0.0321,0.007,0.0142,0.2841,0.0649,0.063
V,2020-07-28,2020-07-29,1.9231,1.9231,1.1615,0.0094,-0.0029,-0.0052,-0.4835,-0.0322,-0.0489,-0.0525,-2.8014,-0.0226,-0.0503,-0.0557,-2.304,0.001,-0.014
V,2020-10-28,2020-10-29,1.8182,1.8182,1.151,0.0221,0.012,0.0103,0.9384,0.0214,0.0106,0.0088,0.4622,0.0724,0.0208,0.0119,0.4856,0.0012,-0.0346
V,2021-01-28,2021-01-29,10.9375,10.9375,1.158,-0.0251,-0.0051,-0.0018,-0.1555,0.0221,0.0118,0.0107,0.5473,0.0556,0.033,0.0299,1.1832,0.0051,-0.0833
V,2021-04-27,2021-04-28,8.6614,8.6614,1.2243,0.0154,0.0157,0.0165,1.4014,0.0159,0.0164,0.019,0.9307,0.0092,0.0138,0.0189,0.7179,0.0157,0.0544
V,2021-07-27,2021-07-28,10.3704,10.3704,1.101,-0.0159,-0.0155,-0.0149,-1.4376,-0.0181,-0.017,-0.0152,-0.8464,-0.0552,-0.06,-0.0587,-2.5373,-0.0066,0.0047
V,2021-10-26,2021-10-27,5.1948,5.1948,1.1015,-0.0692,-0.0648,-0.0635,-5.9965,-0.0865,-0.0937,-0.093,-5.0719,-0.0978,-0.1109,-0.11,-4.6484,-0.0724,-0.0917
V,2022-01-27,2022-01-28,6.4706,6.4706,1.1081,0.106,0.0812,0.0794,6.3839,0.1271,0.0768,0.0731,3.395,0.1232,0.0875,0.0869,3.1263,0.0871,0.0269
V,2022-04-26,2022-04-27,8.4848,8.4848,1.094,0.0647,0.0619,0.0622,4.6186,0.0598,0.0697,0.0726,3.1135,0.0371,0.0364,0.0406,1.3495,0.0523,0.0233
V,2022-07-26,2022-07-27,13.1429,13.1429,1.0892,-0.0095,-0.0355,-0.0376,-2.6561,-0.0018,-0.0558,-0.059,-2.4066,-0.0293,-0.0732,-0.0759,-2.398,-0.0329,0.0506
V,2022-10-25,2022-10-26,3.2086,3.2086,1.0328,0.046,0.0536,0.0537,3.7972,0.077,0.0663,0.0638,2.604,0.0646,0.0656,0.0639,2.0218,0.0563,-0.0227
V,2023-01-26,2023-01-27,8.4577,8.4577,0.9815,0.0299,0.0277,0.027,2.1225,0.0245,0.0202,0.0181,0.8245,0.0216,-0.0081,-0.0108,-0.3808,0.0146,0.0449
V,2023-04-25,2023-04-26,5.0251,5.0251,0.9329,-0.0063,-0.002,-0.0029,-0.2746,0.0137,-0.0106,-0.0106,-0.5779,-0.0114,-0.0231,-0.0251,-1.059,-0.0023,0.0145
V,2023-07-25,2023-07-26,1.8868,1.8868,0.8579,-0.0067,-0.0068,-0.0069,-0.7611,-0.0123,-0.0156,-0.0155,-0.9851,0.0046,0.0023,0.0021,0.1028,-0.0179,-0.0702
V,2023-10-24,2023-10-25,4.0179,4.0179,0.8358,0.0094,0.0237,0.0209,2.4183,-0.0229,0.0076,0.0016,0.1093,0.0019,0.0147,0.0108,0.5581,0.0277,0.0605
V,2024-01-25,2024-01-26,2.9915,2.9915,0.7568,-0.0171,-0.0159,-0.0164,-2.1898,0.0167,0.0108,0.0117,0.8993,0.0163,0.0139,0.0134,0.7994,-0.0173,-0.0043
V,2024-04-23,2024-04-24,3.2922,3.2922,0.7543,0.0033,0.0038,0.0034,0.4679,0.0015,-0.0037,-0.0031,-0.2433,-0.0201,-0.0128,-0.0159,-0.9666,0.0008,-0.0263
V,2024-07-23,2024-07-24,0.0,0.0,0.6858,-0.0401,-0.0174,-0.0249,-3.5256,-0.0201,-0.0033,-0.0087,-0.7134,-0.0064,0.0149,0.0077,0.4913,-0.035,-0.1257
V,2024-10-29,2024-10-30,5.0388,5.0388,0.6638,0.0294,0.0324,0.0313,3.9627,0.0314,0.0499,0.0433,3.1655,0.0405,0.0492,0.0452,2.5618,0.022,-0.0251
V,2025-01-30,2025-01-31,3.3835,3.3835,0.5868,-0.0036,0.0017,-0.0008,-0.0811,0.0061,0.0115,0.0086,0.5224,0.0129,0.0108,0.0105,0.4946,0.0172,0.1187
V,2025-04-29,2025-04-30,2.9851,2.9851,0.5815,0.0117,0.0113,0.011,1.1018,0.0178,-0.0046,0.0035,0.2018,0.0181,0.01,0.011,0.496,0.0187,0.0723
V,2025-07-29,2025-07-30,4.5614,4.5614,0.7268,-0.0011,0.0002,-0.001,-0.091,-0.034,-0.0127,-0.0212,-1.1411,-0.0395,-0.028,-0.0357,-1.4903,-0.0116,-0.1214
V,2025-10-28,2025-10-29,0.3367,0.3367,0.7667,-0.0162,-0.0167,-0.0167,-1.5594,-0.0178,-0.0105,-0.0126,-0.6789,-0.019,-0.0018,-0.0065,-0.2711,-0.0216,-0.0785
V,2026-01-29,2026-01-30,0.9554,0.9554,0.752,-0.03,-0.0271,-0.0279,-2.5577,-0.0086,-0.0022,-0.0028,-0.1472,-0.008,0.0156,0.0107,0.4406,-0.0117,-0.0764
V,2026-04-28,2026-04-29,6.7742,6.7742,0.7711,0.0826,0.0828,0.0835,7.0603,0.0606,0.048,0.0548,2.6724,0.0412,0.0242,0.0346,1.307,0.0869,-0.0981
V,2026-07-28,2026-07-29,2.7864,2.7864,0.5057,0.0058,0.0212,0.0143,1.0828,-0.0013,-0.0096,-0.0034,-0.149,0.0082,-0.0329,-0.0088,-0.2989,0.025,0.0435
